0,-0.3366
0.001,-0.2358
0.002,-0.1933
0.003,-0.1705
0.004,-0.1502
0.005,-0.1361
0.006,-0.1208
0.007,-0.1077
0.008,-0.09656
0.009,-0.08496
0.01,-0.07395
0.011,-0.06451
0.012,-0.05478
0.013,-0.04603
0.014,-0.03807
0.015,-0.0302
0.016,-0.02361
0.017,-0.01673
0.018,-0.01113
0.019,-0.004149
0.02,0.002438
0.021,0.008042
0.022,0.01384
0.023,0.01964
0.024,0.02485
0.025,0.03164
0.026,0.03586
0.027,0.04039
0.028,0.04687
0.029,0.05081
0.03,0.05474
0.031,0.05857
0.032,0.06103
0.033,0.06644
0.034,0.06968
0.035,0.07411
0.036,0.07922
0.037,0.08217
0.038,0.08689
0.039,0.09111
0.04,0.09406
0.041,0.09701
0.042,0.1004
0.043,0.1044
0.044,0.1091
0.045,0.1121
0.046,0.1156
0.047,0.1197
0.048,0.1243
0.049,0.1261
0.05,0.1279
0.051,0.134
0.052,0.138
0.053,0.1414
0.054,0.1449
0.055,0.1472
0.056,0.1505
0.057,0.1542
0.058,0.1576
0.059,0.1604
0.06,0.1623
0.061,0.1632
0.062,0.1672
0.063,0.1705
0.064,0.175
0.065,0.1785
0.066,0.1808
0.067,0.1843
0.068,0.1877
0.069,0.1883
0.07,0.1925
0.071,0.1969
0.072,0.1984
0.073,0.203
0.074,0.2054
0.075,0.2088
0.076,0.212
0.077,0.2145
0.078,0.217
0.079,0.2199
0.08,0.2232
0.081,0.2265
0.082,0.2288
0.083,0.2331
0.084,0.2348
0.085,0.2365
0.086,0.2413
0.087,0.2439
0.088,0.2458
0.089,0.2497
0.09,0.2524
0.091,0.2552
0.092,0.2586
0.093,0.2612
0.094,0.264
0.095,0.2659
0.096,0.2698
0.097,0.273
0.098,0.2758
0.099,0.278
0.1,0.2814
0.101,0.2827
0.102,0.2877
0.103,0.2921
0.104,0.2942
0.105,0.2982
0.106,0.3009
0.107,0.3034
0.108,0.3068
0.109,0.3099
0.11,0.3125
0.111,0.315
0.112,0.3175
0.113,0.3215
0.114,0.3242
0.115,0.3286
0.116,0.3309
0.117,0.334
0.118,0.3373
0.119,0.3394
0.12,0.3427
0.121,0.3468
0.122,0.3483
0.123,0.3511
0.124,0.3537
0.125,0.3561
0.126,0.3599
0.127,0.3634
0.128,0.3673
0.129,0.3715
0.13,0.3741
0.131,0.3765
0.132,0.3803
0.133,0.3821
0.134,0.387
0.135,0.3906
0.136,0.3933
0.137,0.3974
0.138,0.3999
0.139,0.4027
0.14,0.4051
0.141,0.4085
0.142,0.4103
0.143,0.4126
0.144,0.4159
0.145,0.4196
0.146,0.4211
0.147,0.4261
0.148,0.4277
0.149,0.4293
0.15,0.4341
0.151,0.4369
0.152,0.4407
0.153,0.4453
0.154,0.4491
0.155,0.451
0.156,0.4546
0.157,0.4573
0.158,0.4606
0.159,0.4622
0.16,0.4664
0.161,0.4702
0.162,0.4712
0.163,0.4749
0.164,0.4785
0.165,0.4806
0.166,0.4829
0.167,0.4866
0.168,0.4878
0.169,0.4927
0.17,0.4959
0.171,0.4998
0.172,0.5024
0.173,0.5046
0.174,0.5077
0.175,0.5107
0.176,0.5135
0.177,0.5162
0.178,0.5172
0.179,0.5199
0.18,0.5259
0.181,0.5282
0.182,0.5326
0.183,0.5357
0.184,0.5396
0.185,0.5433
0.186,0.5467
0.187,0.5475
0.188,0.5503
0.189,0.5541
0.19,0.5565
0.191,0.5599
0.192,0.5659
0.193,0.5689
0.194,0.5713
0.195,0.5738
0.196,0.5766
0.197,0.5778
0.198,0.5834
0.199,0.5866
0.2,0.5891
0.201,0.5944
0.202,0.5967
0.203,0.6007
0.204,0.6053
0.205,0.6103
0.206,0.6127
0.207,0.6137
0.208,0.6172
0.209,0.6207
0.21,0.6244
0.211,0.6275
0.212,0.6313
0.213,0.6334
0.214,0.6364
0.215,0.6407
0.216,0.6441
0.217,0.6481
0.218,0.6508
0.219,0.6548
0.22,0.6579
0.221,0.6622
0.222,0.6664
0.223,0.6694
0.224,0.6734
0.225,0.6777
0.226,0.6804
0.227,0.6839
0.228,0.6877
0.229,0.6896
0.23,0.6944
0.231,0.6981
0.232,0.7011
0.233,0.706
0.234,0.7082
0.235,0.7126
0.236,0.7155
0.237,0.7181
0.238,0.7226
0.239,0.7269
0.24,0.73
0.241,0.7334
0.242,0.7364
0.243,0.7401
0.244,0.7442
0.245,0.7471
0.246,0.7516
0.247,0.7559
0.248,0.759
0.249,0.7626
0.25,0.7682
0.251,0.7726
0.252,0.7767
0.253,0.7792
0.254,0.7843
0.255,0.7881
0.256,0.794
0.257,0.7964
0.258,0.8002
0.259,0.8054
0.26,0.8082
0.261,0.8114
0.262,0.8171
0.263,0.82
0.264,0.8244
0.265,0.8295
0.266,0.832
0.267,0.8361
0.268,0.8428
0.269,0.8481
0.27,0.8529
0.271,0.8563
0.272,0.8589
0.273,0.8644
0.274,0.8677
0.275,0.8727
0.276,0.8767
0.277,0.881
0.278,0.8862
0.279,0.8905
0.28,0.8943
0.281,0.8999
0.282,0.9036
0.283,0.9078
0.284,0.9139
0.285,0.9182
0.286,0.9237
0.287,0.9267
0.288,0.9319
0.289,0.9354
0.29,0.9388
0.291,0.9456
0.292,0.9509
0.293,0.9548
0.294,0.9605
0.295,0.965
0.296,0.9687
0.297,0.9758
0.298,0.9784
0.299,0.9819
0.3,0.988
0.301,0.9939
0.302,0.9983
0.303,1.004
0.304,1.008
0.305,1.012
0.306,1.016
0.307,1.023
0.308,1.029
0.309,1.033
0.31,1.036
0.311,1.041
0.312,1.045
0.313,1.052
0.314,1.057
0.315,1.062
0.316,1.066
0.317,1.07
0.318,1.075
0.319,1.081
0.32,1.086
0.321,1.091
0.322,1.096
0.323,1.101
0.324,1.107
0.325,1.112
0.326,1.117
0.327,1.122
0.328,1.126
0.329,1.131
0.33,1.136
0.331,1.142
0.332,1.147
0.333,1.153
0.334,1.158
0.335,1.163
0.336,1.168
0.337,1.173
0.338,1.179
0.339,1.184
0.34,1.188
0.341,1.193
0.342,1.198
0.343,1.203
0.344,1.208
0.345,1.213
0.346,1.217
0.347,1.222
0.348,1.228
0.349,1.233
0.35,1.239
0.351,1.244
0.352,1.251
0.353,1.255
0.354,1.258
0.355,1.264
0.356,1.272
0.357,1.275
0.358,1.282
0.359,1.287
0.36,1.29
0.361,1.298
0.362,1.303
0.363,1.309
0.364,1.314
0.365,1.319
0.366,1.324
0.367,1.33
0.368,1.335
0.369,1.341
0.37,1.345
0.371,1.352
0.372,1.359
0.373,1.364
0.374,1.37
0.375,1.374
0.376,1.379
0.377,1.386
0.378,1.39
0.379,1.397
0.38,1.404
0.381,1.408
0.382,1.415
0.383,1.42
0.384,1.426
0.385,1.432
0.386,1.439
0.387,1.446
0.388,1.451
0.389,1.455
0.39,1.462
0.391,1.467
0.392,1.474
0.393,1.479
0.394,1.484
0.395,1.489
0.396,1.496
0.397,1.503
0.398,1.509
0.399,1.516
0.4,1.523
0.401,1.53
0.402,1.534
0.403,1.541
0.404,1.548
0.405,1.555
0.406,1.561
0.407,1.569
0.408,1.575
0.409,1.582
0.41,1.589
0.411,1.595
0.412,1.602
0.413,1.609
0.414,1.615
0.415,1.621
0.416,1.627
0.417,1.635
0.418,1.641
0.419,1.648
0.42,1.654
0.421,1.661
0.422,1.669
0.423,1.676
0.424,1.682
0.425,1.689
0.426,1.696
0.427,1.702
0.428,1.71
0.429,1.717
0.43,1.725
0.431,1.733
0.432,1.74
0.433,1.748
0.434,1.753
0.435,1.762
0.436,1.769
0.437,1.776
0.438,1.786
0.439,1.793
0.44,1.8
0.441,1.808
0.442,1.815
0.443,1.823
0.444,1.83
0.445,1.836
0.446,1.844
0.447,1.851
0.448,1.86
0.449,1.869
0.45,1.873
0.451,1.882
0.452,1.89
0.453,1.897
0.454,1.905
0.455,1.914
0.456,1.921
0.457,1.928
0.458,1.935
0.459,1.942
0.46,1.951
0.461,1.96
0.462,1.969
0.463,1.977
0.464,1.984
0.465,1.992
0.466,1.999
0.467,2.008
0.468,2.017
0.469,2.024
0.47,2.034
0.471,2.04
0.472,2.05
0.473,2.058
0.474,2.068
0.475,2.077
0.476,2.086
0.477,2.094
0.478,2.101
0.479,2.109
0.48,2.118
0.481,2.128
0.482,2.136
0.483,2.146
0.484,2.155
0.485,2.163
0.486,2.173
0.487,2.181
0.488,2.189
0.489,2.198
0.49,2.207
0.491,2.217
0.492,2.226
0.493,2.234
0.494,2.243
0.495,2.251
0.496,2.261
0.497,2.269
0.498,2.279
0.499,2.29
0.5,2.3
0.501,2.307
0.502,2.317
0.503,2.327
0.504,2.336
0.505,2.348
0.506,2.357
0.507,2.365
0.508,2.375
0.509,2.384
0.51,2.394
0.511,2.401
0.512,2.413
0.513,2.423
0.514,2.434
0.515,2.443
0.516,2.452
0.517,2.46
0.518,2.472
0.519,2.482
0.52,2.491
0.521,2.501
0.522,2.509
0.523,2.519
0.524,2.529
0.525,2.54
0.526,2.551
0.527,2.561
0.528,2.571
0.529,2.581
0.53,2.591
0.531,2.601
0.532,2.611
0.533,2.619
0.534,2.629
0.535,2.639
0.536,2.649
0.537,2.66
0.538,2.672
0.539,2.68
0.54,2.693
0.541,2.702
0.542,2.713
0.543,2.722
0.544,2.734
0.545,2.745
0.546,2.755
0.547,2.766
0.548,2.778
0.549,2.788
0.55,2.801
0.551,2.811
0.552,2.822
0.553,2.834
0.554,2.845
0.555,2.855
0.556,2.866
0.557,2.876
0.558,2.888
0.559,2.899
0.56,2.91
0.561,2.921
0.562,2.931
0.563,2.946
0.564,2.959
0.565,2.97
0.566,2.982
0.567,2.993
0.568,3.006
0.569,3.018
0.57,3.029
0.571,3.042
0.572,3.056
0.573,3.068
0.574,3.081
0.575,3.093
0.576,3.106
0.577,3.119
0.578,3.13
0.579,3.143
0.58,3.156
0.581,3.166
0.582,3.182
0.583,3.195
0.584,3.208
0.585,3.221
0.586,3.235
0.587,3.249
0.588,3.262
0.589,3.276
0.59,3.288
0.591,3.301
0.592,3.315
0.593,3.326
0.594,3.34
0.595,3.356
0.596,3.37
0.597,3.384
0.598,3.397
0.599,3.41
0.6,3.424
0.601,3.439
0.602,3.455
0.603,3.465
0.604,3.48
0.605,3.493
0.606,3.507
0.607,3.52
0.608,3.535
0.609,3.549
0.61,3.562
0.611,3.577
0.612,3.593
0.613,3.607
0.614,3.624
0.615,3.641
0.616,3.655
0.617,3.671
0.618,3.686
0.619,3.701
0.62,3.717
0.621,3.733
0.622,3.749
0.623,3.764
0.624,3.781
0.625,3.798
0.626,3.814
0.627,3.832
0.628,3.848
0.629,3.862
0.63,3.88
0.631,3.897
0.632,3.914
0.633,3.932
0.634,3.948
0.635,3.966
0.636,3.982
0.637,3.998
0.638,4.017
0.639,4.033
0.64,4.051
0.641,4.07
0.642,4.087
0.643,4.106
0.644,4.124
0.645,4.142
0.646,4.161
0.647,4.179
0.648,4.198
0.649,4.216
0.65,4.234
0.651,4.251
0.652,4.269
0.653,4.289
0.654,4.309
0.655,4.328
0.656,4.346
0.657,4.366
0.658,4.385
0.659,4.406
0.66,4.425
0.661,4.443
0.662,4.464
0.663,4.482
0.664,4.502
0.665,4.523
0.666,4.544
0.667,4.565
0.668,4.584
0.669,4.603
0.67,4.625
0.671,4.646
0.672,4.668
0.673,4.689
0.674,4.709
0.675,4.731
0.676,4.752
0.677,4.774
0.678,4.798
0.679,4.82
0.68,4.84
0.681,4.863
0.682,4.886
0.683,4.909
0.684,4.93
0.685,4.954
0.686,4.977
0.687,4.998
0.688,5.021
0.689,5.045
0.69,5.067
0.691,5.091
0.692,5.114
0.693,5.137
0.694,5.161
0.695,5.186
0.696,5.209
0.697,5.234
0.698,5.257
0.699,5.282
0.7,5.305
0.701,5.329
0.702,5.355
0.703,5.378
0.704,5.404
0.705,5.43
0.706,5.456
0.707,5.481
0.708,5.507
0.709,5.533
0.71,5.559
0.711,5.586
0.712,5.612
0.713,5.638
0.714,5.664
0.715,5.692
0.716,5.72
0.717,5.749
0.718,5.777
0.719,5.803
0.72,5.831
0.721,5.86
0.722,5.888
0.723,5.917
0.724,5.946
0.725,5.975
0.726,6.006
0.727,6.035
0.728,6.062
0.729,6.094
0.73,6.125
0.731,6.155
0.732,6.186
0.733,6.218
0.734,6.25
0.735,6.28
0.736,6.312
0.737,6.345
0.738,6.376
0.739,6.41
0.74,6.443
0.741,6.476
0.742,6.512
0.743,6.547
0.744,6.581
0.745,6.615
0.746,6.651
0.747,6.686
0.748,6.721
0.749,6.76
0.75,6.8
0.751,6.837
0.752,6.874
0.753,6.914
0.754,6.954
0.755,6.997
0.756,7.038
0.757,7.078
0.758,7.12
0.759,7.162
0.76,7.207
0.761,7.257
0.762,7.304
0.763,7.351
0.764,7.397
0.765,7.447
0.766,7.492
0.767,7.539
0.768,7.591
0.769,7.644
0.77,7.694
0.771,7.745
0.772,7.796
0.773,7.85
0.774,7.905
0.775,7.963
0.776,8.022
0.777,8.082
0.778,8.143
0.779,8.206
0.78,8.27
0.781,8.331
0.782,8.397
0.783,8.461
0.784,8.528
0.785,8.597
0.786,8.668
0.787,8.74
0.788,8.811
0.789,8.886
0.79,8.961
0.791,9.04
0.792,9.118
0.793,9.199
0.794,9.275
0.795,9.36
0.796,9.446
0.797,9.535
0.798,9.627
0.799,9.72
0.8,9.729
0.799,9.395
0.798,9.084
0.797,8.814
0.796,8.568
0.795,8.338
0.794,8.118
0.793,7.908
0.792,7.713
0.791,7.52
0.79,7.336
0.789,7.155
0.788,6.983
0.787,6.816
0.786,6.658
0.785,6.509
0.784,6.36
0.783,6.214
0.782,6.075
0.781,5.937
0.78,5.809
0.779,5.683
0.778,5.56
0.777,5.441
0.776,5.325
0.775,5.214
0.774,5.104
0.773,4.995
0.772,4.89
0.771,4.788
0.77,4.687
0.769,4.59
0.768,4.494
0.767,4.404
0.766,4.316
0.765,4.226
0.764,4.138
0.763,4.055
0.762,3.973
0.761,3.893
0.76,3.815
0.759,3.74
0.758,3.665
0.757,3.593
0.756,3.523
0.755,3.459
0.754,3.393
0.753,3.328
0.752,3.262
0.751,3.196
0.75,3.135
0.749,3.074
0.748,3.013
0.747,2.955
0.746,2.899
0.745,2.846
0.744,2.79
0.743,2.735
0.742,2.682
0.741,2.632
0.74,2.582
0.739,2.532
0.738,2.482
0.737,2.435
0.736,2.388
0.735,2.343
0.734,2.297
0.733,2.253
0.732,2.21
0.731,2.17
0.73,2.129
0.729,2.087
0.728,2.047
0.727,2.008
0.726,1.971
0.725,1.935
0.724,1.899
0.723,1.865
0.722,1.828
0.721,1.794
0.72,1.761
0.719,1.727
0.718,1.695
0.717,1.661
0.716,1.628
0.715,1.599
0.714,1.567
0.713,1.538
0.712,1.507
0.711,1.478
0.71,1.449
0.709,1.422
0.708,1.393
0.707,1.366
0.706,1.339
0.705,1.315
0.704,1.289
0.703,1.263
0.702,1.24
0.701,1.214
0.7,1.19
0.699,1.167
0.698,1.143
0.697,1.12
0.696,1.097
0.695,1.075
0.694,1.053
0.693,1.029
0.692,1.008
0.691,0.9835
0.69,0.9619
0.689,0.9428
0.688,0.9211
0.687,0.9012
0.686,0.8827
0.685,0.8628
0.684,0.8445
0.683,0.8252
0.682,0.8064
0.681,0.7894
0.68,0.7716
0.679,0.7529
0.678,0.7356
0.677,0.7178
0.676,0.7004
0.675,0.6853
0.674,0.6683
0.673,0.6523
0.672,0.6344
0.671,0.6175
0.67,0.6022
0.669,0.5845
0.668,0.5695
0.667,0.5545
0.666,0.539
0.665,0.5226
0.664,0.5097
0.663,0.4959
0.662,0.4807
0.661,0.4663
0.66,0.4527
0.659,0.4388
0.658,0.4256
0.657,0.4112
0.656,0.3975
0.655,0.3845
0.654,0.3714
0.653,0.3568
0.652,0.3438
0.651,0.3305
0.65,0.3173
0.649,0.3049
0.648,0.293
0.647,0.2807
0.646,0.2687
0.645,0.2558
0.644,0.2434
0.643,0.2331
0.642,0.2214
0.641,0.2101
0.64,0.1977
0.639,0.1888
0.638,0.1783
0.637,0.1651
0.636,0.1539
0.635,0.1454
0.634,0.1349
0.633,0.1243
0.632,0.1125
0.631,0.1022
0.63,0.09328
0.629,0.08374
0.628,0.0744
0.627,0.06369
0.626,0.05336
0.625,0.0453
0.624,0.03557
0.623,0.02652
0.622,0.01915
0.621,0.01119
0.62,0.00293
0.619,-0.003952
0.618,-0.0129
0.617,-0.02165
0.616,-0.0302
0.615,-0.03836
0.614,-0.0475
0.613,-0.05448
0.612,-0.06146
0.611,-0.06972
0.61,-0.07749
0.609,-0.08358
0.608,-0.09194
0.607,-0.09863
0.606,-0.1034
0.605,-0.1117
0.604,-0.1174
0.603,-0.1247
0.602,-0.1327
0.601,-0.1373
0.6,-0.1428
0.599,-0.1477
0.598,-0.1523
0.597,-0.1583
0.596,-0.1635
0.595,-0.17
0.594,-0.1761
0.593,-0.1816
0.592,-0.1865
0.591,-0.191
0.59,-0.1946
0.589,-0.2018
0.588,-0.2064
0.587,-0.2113
0.586,-0.2172
0.585,-0.2212
0.584,-0.2254
0.583,-0.2313
0.582,-0.2358
0.581,-0.2404
0.58,-0.2446
0.579,-0.249
0.578,-0.2537
0.577,-0.2567
0.576,-0.2622
0.575,-0.2672
0.574,-0.2705
0.573,-0.2758
0.572,-0.278
0.571,-0.2808
0.57,-0.2858
0.569,-0.2886
0.568,-0.2927
0.567,-0.2974
0.566,-0.3014
0.565,-0.3051
0.564,-0.3087
0.563,-0.3133
0.562,-0.3172
0.561,-0.3203
0.56,-0.3238
0.559,-0.3276
0.558,-0.3295
0.557,-0.3324
0.556,-0.3372
0.555,-0.3383
0.554,-0.3432
0.553,-0.3462
0.552,-0.3485
0.551,-0.3513
0.55,-0.3563
0.549,-0.3605
0.548,-0.3632
0.547,-0.3654
0.546,-0.3683
0.545,-0.3711
0.544,-0.3747
0.543,-0.3784
0.542,-0.3821
0.541,-0.3857
0.54,-0.3877
0.539,-0.39
0.538,-0.3939
0.537,-0.3972
0.536,-0.4004
0.535,-0.4023
0.534,-0.4042
0.533,-0.4061
0.532,-0.4083
0.531,-0.4131
0.53,-0.4169
0.529,-0.4182
0.528,-0.4217
0.527,-0.4253
0.526,-0.4257
0.525,-0.429
0.524,-0.4312
0.523,-0.4339
0.522,-0.4373
0.521,-0.4395
0.52,-0.4424
0.519,-0.4446
0.518,-0.4469
0.517,-0.4496
0.516,-0.4513
0.515,-0.4534
0.514,-0.457
0.513,-0.4577
0.512,-0.4617
0.511,-0.4651
0.51,-0.466
0.509,-0.4691
0.508,-0.4695
0.507,-0.472
0.506,-0.4746
0.505,-0.4781
0.504,-0.48
0.503,-0.4819
0.502,-0.4839
0.501,-0.4854
0.5,-0.487
0.499,-0.4903
0.498,-0.4932
0.497,-0.4946
0.496,-0.4959
0.495,-0.4986
0.494,-0.5006
0.493,-0.5038
0.492,-0.5046
0.491,-0.5053
0.49,-0.508
0.489,-0.51
0.488,-0.5119
0.487,-0.516
0.486,-0.5161
0.485,-0.5187
0.484,-0.5207
0.483,-0.5216
0.482,-0.5242
0.481,-0.5244
0.48,-0.5267
0.479,-0.5277
0.478,-0.5284
0.477,-0.5315
0.476,-0.5342
0.475,-0.5351
0.474,-0.537
0.473,-0.5392
0.472,-0.5408
0.471,-0.5428
0.47,-0.5442
0.469,-0.5443
0.468,-0.545
0.467,-0.5477
0.466,-0.5488
0.465,-0.5504
0.464,-0.551
0.463,-0.5529
0.462,-0.5537
0.461,-0.5567
0.46,-0.5592
0.459,-0.5594
0.458,-0.5622
0.457,-0.5633
0.456,-0.5654
0.455,-0.5672
0.454,-0.5686
0.453,-0.5699
0.452,-0.5708
0.451,-0.5714
0.45,-0.5733
0.449,-0.574
0.448,-0.5767
0.447,-0.5771
0.446,-0.5761
0.445,-0.5785
0.444,-0.5805
0.443,-0.5811
0.442,-0.5824
0.441,-0.5821
0.44,-0.5822
0.439,-0.5839
0.438,-0.5857
0.437,-0.5863
0.436,-0.5872
0.435,-0.5888
0.434,-0.5909
0.433,-0.5917
0.432,-0.5934
0.431,-0.5943
0.43,-0.5939
0.429,-0.5947
0.428,-0.5963
0.427,-0.5976
0.426,-0.5987
0.425,-0.5984
0.424,-0.5972
0.423,-0.5985
0.422,-0.6002
0.421,-0.6024
0.42,-0.6036
0.419,-0.6032
0.418,-0.6036
0.417,-0.6033
0.416,-0.6056
0.415,-0.6057
0.414,-0.6049
0.413,-0.6054
0.412,-0.606
0.411,-0.6081
0.41,-0.6109
0.409,-0.613
0.408,-0.6129
0.407,-0.6145
0.406,-0.612
0.405,-0.6142
0.404,-0.6142
0.403,-0.615
0.402,-0.615
0.401,-0.6137
0.4,-0.6138
0.399,-0.6138
0.398,-0.6144
0.397,-0.6182
0.396,-0.6177
0.395,-0.6179
0.394,-0.619
0.393,-0.6182
0.392,-0.6178
0.391,-0.6178
0.39,-0.6187
0.389,-0.6185
0.388,-0.6176
0.387,-0.6184
0.386,-0.62
0.385,-0.6194
0.384,-0.6204
0.383,-0.6218
0.382,-0.6221
0.381,-0.6223
0.38,-0.6231
0.379,-0.6214
0.378,-0.6245
0.377,-0.6239
0.376,-0.6235
0.375,-0.6234
0.374,-0.6254
0.373,-0.6245
0.372,-0.6242
0.371,-0.6239
0.37,-0.6238
0.369,-0.6236
0.368,-0.624
0.367,-0.6252
0.366,-0.625
0.365,-0.6268
0.364,-0.6279
0.363,-0.6279
0.362,-0.6288
0.361,-0.6276
0.36,-0.6291
0.359,-0.6302
0.358,-0.6318
0.357,-0.6322
0.356,-0.632
0.355,-0.6318
0.354,-0.6329
0.353,-0.6317
0.352,-0.6334
0.351,-0.635
0.35,-0.6357
0.349,-0.6365
0.348,-0.6348
0.347,-0.635
0.346,-0.6386
0.345,-0.6405
0.344,-0.6395
0.343,-0.6401
0.342,-0.6398
0.341,-0.6405
0.34,-0.6416
0.339,-0.6436
0.338,-0.644
0.337,-0.6422
0.336,-0.6439
0.335,-0.6448
0.334,-0.647
0.333,-0.6484
0.332,-0.6485
0.331,-0.649
0.33,-0.6494
0.329,-0.6504
0.328,-0.6512
0.327,-0.6531
0.326,-0.6514
0.325,-0.6517
0.324,-0.6527
0.323,-0.6553
0.322,-0.6551
0.321,-0.6549
0.32,-0.6579
0.319,-0.6595
0.318,-0.6586
0.317,-0.6588
0.316,-0.6611
0.315,-0.6608
0.314,-0.6615
0.313,-0.662
0.312,-0.6637
0.311,-0.6647
0.31,-0.6647
0.309,-0.667
0.308,-0.6683
0.307,-0.6714
0.306,-0.6718
0.305,-0.6717
0.304,-0.6725
0.303,-0.6742
0.302,-0.6741
0.301,-0.6758
0.3,-0.6768
0.299,-0.6761
0.298,-0.6768
0.297,-0.6773
0.296,-0.6785
0.295,-0.68
0.294,-0.6814
0.293,-0.6846
0.292,-0.6852
0.291,-0.6841
0.29,-0.6862
0.289,-0.6859
0.288,-0.6881
0.287,-0.6898
0.286,-0.6892
0.285,-0.6916
0.284,-0.691
0.283,-0.6916
0.282,-0.6944
0.281,-0.696
0.28,-0.6962
0.279,-0.6987
0.278,-0.6999
0.277,-0.7007
0.276,-0.6993
0.275,-0.7004
0.274,-0.7014
0.273,-0.702
0.272,-0.7037
0.271,-0.7053
0.27,-0.7067
0.269,-0.7075
0.268,-0.7085
0.267,-0.7076
0.266,-0.7099
0.265,-0.7106
0.264,-0.7128
0.263,-0.7128
0.262,-0.713
0.261,-0.7146
0.26,-0.7157
0.259,-0.7161
0.258,-0.7188
0.257,-0.7179
0.256,-0.7197
0.255,-0.7221
0.254,-0.7213
0.253,-0.723
0.252,-0.7231
0.251,-0.7222
0.25,-0.7231
0.249,-0.723
0.248,-0.7235
0.247,-0.7251
0.246,-0.7265
0.245,-0.7259
0.244,-0.728
0.243,-0.7299
0.242,-0.7299
0.241,-0.7305
0.24,-0.7316
0.239,-0.7321
0.238,-0.7313
0.237,-0.7336
0.236,-0.7344
0.235,-0.7348
0.234,-0.7372
0.233,-0.7385
0.232,-0.7393
0.231,-0.7412
0.23,-0.7419
0.229,-0.742
0.228,-0.7407
0.227,-0.7421
0.226,-0.7429
0.225,-0.7451
0.224,-0.7463
0.223,-0.7475
0.222,-0.7477
0.221,-0.7488
0.22,-0.7472
0.219,-0.7487
0.218,-0.7502
0.217,-0.7513
0.216,-0.751
0.215,-0.7508
0.214,-0.7521
0.213,-0.7511
0.212,-0.7518
0.211,-0.7535
0.21,-0.7551
0.209,-0.7558
0.208,-0.7561
0.207,-0.7581
0.206,-0.7574
0.205,-0.7603
0.204,-0.7613
0.203,-0.7618
0.202,-0.7627
0.201,-0.7626
0.2,-0.7633
0.199,-0.7644
0.198,-0.7647
0.197,-0.7658
0.196,-0.7668
0.195,-0.7668
0.194,-0.7673
0.193,-0.7683
0.192,-0.7701
0.191,-0.77
0.19,-0.7696
0.189,-0.7706
0.188,-0.7703
0.187,-0.7726
0.186,-0.7742
0.185,-0.7746
0.184,-0.7743
0.183,-0.7752
0.182,-0.776
0.181,-0.7779
0.18,-0.7779
0.179,-0.779
0.178,-0.7782
0.177,-0.7775
0.176,-0.7804
0.175,-0.7806
0.174,-0.7804
0.173,-0.7813
0.172,-0.7834
0.171,-0.7828
0.17,-0.7841
0.169,-0.7854
0.168,-0.7863
0.167,-0.788
0.166,-0.7881
0.165,-0.7898
0.164,-0.7893
0.163,-0.7902
0.162,-0.7906
0.161,-0.7905
0.16,-0.7913
0.159,-0.7935
0.158,-0.792
0.157,-0.792
0.156,-0.7925
0.155,-0.7928
0.154,-0.7953
0.153,-0.7959
0.152,-0.798
0.151,-0.7988
0.15,-0.7978
0.149,-0.799
0.148,-0.8002
0.147,-0.8012
0.146,-0.8022
0.145,-0.8016
0.144,-0.8022
0.143,-0.8027
0.142,-0.803
0.141,-0.8057
0.14,-0.8056
0.139,-0.8055
0.138,-0.807
0.137,-0.8073
0.136,-0.8081
0.135,-0.8104
0.134,-0.8098
0.133,-0.8095
0.132,-0.8113
0.131,-0.8124
0.13,-0.8132
0.129,-0.8134
0.128,-0.8173
0.127,-0.8172
0.126,-0.8165
0.125,-0.8172
0.124,-0.8184
0.123,-0.8197
0.122,-0.8211
0.121,-0.821
0.12,-0.8202
0.119,-0.8204
0.118,-0.821
0.117,-0.8226
0.116,-0.8234
0.115,-0.8241
0.114,-0.8244
0.113,-0.8253
0.112,-0.8275
0.111,-0.8273
0.11,-0.827
0.109,-0.8293
0.108,-0.831
0.107,-0.8303
0.106,-0.8305
0.105,-0.8309
0.104,-0.8312
0.103,-0.8337
0.102,-0.835
0.101,-0.8358
0.1,-0.8354
0.099,-0.8367
0.098,-0.8366
0.097,-0.8371
0.096,-0.8393
0.095,-0.8415
0.094,-0.8432
0.093,-0.8436
0.092,-0.8431
0.091,-0.8434
0.09,-0.8448
0.089,-0.8452
0.088,-0.8475
0.087,-0.8488
0.086,-0.8478
0.085,-0.8488
0.084,-0.8496
0.083,-0.8497
0.082,-0.8514
0.081,-0.8526
0.08,-0.8535
0.079,-0.8536
0.078,-0.8529
0.077,-0.8548
0.076,-0.8569
0.075,-0.8565
0.074,-0.8578
0.073,-0.8578
0.072,-0.8604
0.071,-0.8607
0.07,-0.8609
0.069,-0.8633
0.068,-0.8637
0.067,-0.864
0.066,-0.8652
0.065,-0.8654
0.064,-0.8671
0.063,-0.8685
0.062,-0.8667
0.061,-0.868
0.06,-0.8698
0.059,-0.8708
0.058,-0.8727
0.057,-0.8749
0.056,-0.8763
0.055,-0.8771
0.054,-0.8771
0.053,-0.8781
0.052,-0.88
0.051,-0.8826
0.05,-0.8813
0.049,-0.8816
0.048,-0.8828
0.047,-0.8836
0.046,-0.8852
0.045,-0.8874
0.044,-0.8869
0.043,-0.8873
0.042,-0.8877
0.041,-0.8897
0.04,-0.8926
0.039,-0.8939
0.038,-0.8934
0.037,-0.8943
0.036,-0.8941
0.035,-0.8957
0.034,-0.8979
0.033,-0.898
0.032,-0.8986
0.031,-0.9011
0.03,-0.9008
0.029,-0.9037
0.028,-0.9045
0.027,-0.9035
0.026,-0.9062
0.025,-0.9065
0.024,-0.9062
0.023,-0.9082
0.022,-0.9112
0.021,-0.9117
0.02,-0.9129
0.019,-0.9151
0.018,-0.9176
0.017,-0.9176
0.016,-0.9174
0.015,-0.9186
0.014,-0.9171
0.013,-0.9207
0.012,-0.9215
0.011,-0.9225
0.01,-0.9236
0.009,-0.9225
0.008,-0.9232
0.007,-0.9248
0.006,-0.9246
0.005,-0.9284
0.004,-0.929
0.003,-0.931
0.002,-0.9302
0.001,-0.93
0,-0.8658
0.001,-0.6556
0.002,-0.5729
0.003,-0.5339
0.004,-0.5061
0.005,-0.4842
0.006,-0.465
0.007,-0.4472
0.008,-0.4304
0.009,-0.4151
0.01,-0.4014
0.011,-0.3874
0.012,-0.3747
0.013,-0.3632
0.014,-0.3505
0.015,-0.3398
0.016,-0.3286
0.017,-0.3187
0.018,-0.3106
0.019,-0.2998
0.02,-0.2908
0.021,-0.282
0.022,-0.2736
0.023,-0.2653
0.024,-0.2595
0.025,-0.2507
0.026,-0.2426
0.027,-0.2338
0.028,-0.2272
0.029,-0.2222
0.03,-0.215
0.031,-0.2086
0.032,-0.2015
0.033,-0.1951
0.034,-0.1904
0.035,-0.1839
0.036,-0.1778
0.037,-0.1718
0.038,-0.1652
0.039,-0.1602
0.04,-0.1531
0.041,-0.1474
0.042,-0.144
0.043,-0.1381
0.044,-0.134
0.045,-0.1274
0.046,-0.1243
0.047,-0.1197
0.048,-0.1147
0.049,-0.1088
0.05,-0.1054
0.051,-0.09725
0.052,-0.09273
0.053,-0.08919
0.054,-0.08368
0.055,-0.08024
0.056,-0.07729
0.057,-0.07208
0.058,-0.06913
0.059,-0.06343
0.06,-0.05822
0.061,-0.05517
0.062,-0.05026
0.063,-0.04819
0.064,-0.04396
0.065,-0.03954
0.066,-0.03649
0.067,-0.03276
0.068,-0.02902
0.069,-0.02597
0.07,-0.02234
0.071,-0.01762
0.072,-0.013
0.073,-0.01034
0.074,-0.008769
0.075,-0.005132
0.076,0.00007862
0.077,0.004208
0.078,0.007943
0.079,0.009811
0.08,0.01276
0.081,0.01512
0.082,0.01905
0.083,0.02279
0.084,0.02643
0.085,0.02859
0.086,0.03164
0.087,0.03459
0.088,0.03871
0.089,0.04275
0.09,0.0456
0.091,0.04825
0.092,0.04953
0.093,0.05169
0.094,0.05454
0.095,0.05749
0.096,0.06123
0.097,0.06349
0.098,0.06644
0.099,0.07037
0.1,0.07371
0.101,0.07617
0.102,0.07833
0.103,0.08
0.104,0.08059
0.105,0.08659
0.106,0.08885
0.107,0.09023
0.108,0.09406
0.109,0.09652
0.11,0.09996
0.111,0.1025
0.112,0.1046
0.113,0.1077
0.114,0.1079
0.115,0.1105
0.116,0.1146
0.117,0.1171
0.118,0.1203
0.119,0.1212
0.12,0.1229
0.121,0.1257
0.122,0.1286
0.123,0.1305
0.124,0.1327
0.125,0.1348
0.126,0.1374
0.127,0.1393
0.128,0.1423
0.129,0.1455
0.13,0.1473
0.131,0.1504
0.132,0.1531
0.133,0.1546
0.134,0.1574
0.135,0.1605
0.136,0.1623
0.137,0.1632
0.138,0.1647
0.139,0.1674
0.14,0.1699
0.141,0.1723
0.142,0.1746
0.143,0.1771
0.144,0.1801
0.145,0.181
0.146,0.1821
0.147,0.1855
0.148,0.1882
0.149,0.1869
0.15,0.1905
0.151,0.1938
0.152,0.1953
0.153,0.1992
0.154,0.2021
0.155,0.2033
0.156,0.2051
0.157,0.2073
0.158,0.2088
0.159,0.2113
0.16,0.2117
0.161,0.213
0.162,0.2159
0.163,0.2185
0.164,0.221
0.165,0.2209
0.166,0.2243
0.167,0.2272
0.168,0.2299
0.169,0.2315
0.17,0.234
0.171,0.2349
0.172,0.237
0.173,0.2391
0.174,0.2422
0.175,0.2437
0.176,0.2449
0.177,0.2458
0.178,0.2478
0.179,0.2506
0.18,0.252
0.181,0.2547
0.182,0.2567
0.183,0.2583
0.184,0.2596
0.185,0.2629
0.186,0.2645
0.187,0.2659
0.188,0.269
0.189,0.2712
0.19,0.2733
0.191,0.2749
0.192,0.2773
0.193,0.2795
0.194,0.2802
0.195,0.2817
0.196,0.2856
0.197,0.2855
0.198,0.2887
0.199,0.2898
0.2,0.2914
0.201,0.2931
0.202,0.2946
0.203,0.2973
0.204,0.2981
0.205,0.3015
0.206,0.3039
0.207,0.3064
0.208,0.3072
0.209,0.308
0.21,0.3108
0.211,0.3133
0.212,0.3159
0.213,0.3169
0.214,0.32
0.215,0.3215
0.216,0.3207
0.217,0.3241
0.218,0.3275
0.219,0.3292
0.22,0.3323
0.221,0.3333
0.222,0.3354
0.223,0.3371
0.224,0.3393
0.225,0.3412
0.226,0.3416
0.227,0.3422
0.228,0.3467
0.229,0.3491
0.23,0.3521
0.231,0.3538
0.232,0.3547
0.233,0.3568
0.234,0.3601
0.235,0.3619
0.236,0.3634
0.237,0.3649
0.238,0.3665
0.239,0.3683
0.24,0.3729
0.241,0.3745
0.242,0.3756
0.243,0.3783
0.244,0.3793
0.245,0.3812
0.246,0.3843
0.247,0.386
0.248,0.389
0.249,0.3907
0.25,0.3916
0.251,0.3937
0.252,0.3953
0.253,0.3958
0.254,0.3989
0.255,0.4018
0.256,0.4065
0.257,0.4091
0.258,0.4102
0.259,0.412
0.26,0.4139
0.261,0.415
0.262,0.4193
0.263,0.4218
0.264,0.4226
0.265,0.424
0.266,0.4252
0.267,0.4288
0.268,0.432
0.269,0.4338
0.27,0.4365
0.271,0.4363
0.272,0.4377
0.273,0.4398
0.274,0.4421
0.275,0.4446
0.276,0.448
0.277,0.4483
0.278,0.4503
0.279,0.4546
0.28,0.4556
0.281,0.4583
0.282,0.4615
0.283,0.4642
0.284,0.4667
0.285,0.4682
0.286,0.4693
0.287,0.4705
0.288,0.4726
0.289,0.4755
0.29,0.4786
0.291,0.4816
0.292,0.4836
0.293,0.4842
0.294,0.4877
0.295,0.4906
0.296,0.4918
0.297,0.4947
0.298,0.4963
0.299,0.4995
0.3,0.5007
0.301,0.5035
0.302,0.5057
0.303,0.5073
0.304,0.508
0.305,0.5117
0.306,0.5144
0.307,0.5187
0.308,0.5212
0.309,0.5219
0.31,0.5245
0.311,0.5266
0.312,0.5288
0.313,0.5317
0.314,0.5342
0.315,0.5364
0.316,0.5388
0.317,0.542
0.318,0.5439
0.319,0.5448
0.32,0.5482
0.321,0.5511
0.322,0.5532
0.323,0.557
0.324,0.5582
0.325,0.5602
0.326,0.5626
0.327,0.5638
0.328,0.5673
0.329,0.5705
0.33,0.5723
0.331,0.5745
0.332,0.5763
0.333,0.5789
0.334,0.5834
0.335,0.5852
0.336,0.5855
0.337,0.5892
0.338,0.5903
0.339,0.5935
0.34,0.5977
0.341,0.5996
0.342,0.6019
0.343,0.6026
0.344,0.6046
0.345,0.6073
0.346,0.6102
0.347,0.6128
0.348,0.6152
0.349,0.6164
0.35,0.6202
0.351,0.6225
0.352,0.6247
0.353,0.6283
0.354,0.6289
0.355,0.6308
0.356,0.6353
0.357,0.6363
0.358,0.6412
0.359,0.6431
0.36,0.6429
0.361,0.6476
0.362,0.6506
0.363,0.6535
0.364,0.6567
0.365,0.6591
0.366,0.6628
0.367,0.6642
0.368,0.6668
0.369,0.669
0.37,0.6712
0.371,0.6749
0.372,0.6786
0.373,0.6798
0.374,0.6825
0.375,0.6849
0.376,0.6853
0.377,0.6896
0.378,0.6921
0.379,0.6944
0.38,0.6965
0.381,0.6978
0.382,0.7018
0.383,0.703
0.384,0.7064
0.385,0.7091
0.386,0.7116
0.387,0.7151
0.388,0.7188
0.389,0.7219
0.39,0.7232
0.391,0.7255
0.392,0.7269
0.393,0.7307
0.394,0.7335
0.395,0.7365
0.396,0.7393
0.397,0.7427
0.398,0.7454
0.399,0.7468
0.4,0.7489
0.401,0.7523
0.402,0.7556
0.403,0.7582
0.404,0.7607
0.405,0.7635
0.406,0.7669
0.407,0.7695
0.408,0.7707
0.409,0.7745
0.41,0.7797
0.411,0.7828
0.412,0.7863
0.413,0.7886
0.414,0.7904
0.415,0.7927
0.416,0.7978
0.417,0.8019
0.418,0.8043
0.419,0.8079
0.42,0.8111
0.421,0.8142
0.422,0.8175
0.423,0.8214
0.424,0.8242
0.425,0.8277
0.426,0.8294
0.427,0.8354
0.428,0.8374
0.429,0.8403
0.43,0.8431
0.431,0.8477
0.432,0.8507
0.433,0.8536
0.434,0.8562
0.435,0.8615
0.436,0.8648
0.437,0.8682
0.438,0.872
0.439,0.8759
0.44,0.8792
0.441,0.8822
0.442,0.8853
0.443,0.8885
0.444,0.8918
0.445,0.8953
0.446,0.8996
0.447,0.9023
0.448,0.9081
0.449,0.9123
0.45,0.9153
0.451,0.9191
0.452,0.923
0.453,0.9251
0.454,0.9311
0.455,0.9348
0.456,0.9376
0.457,0.9422
0.458,0.9453
0.459,0.9485
0.46,0.952
0.461,0.9586
0.462,0.963
0.463,0.9663
0.464,0.9697
0.465,0.9741
0.466,0.9772
0.467,0.9832
0.468,0.9872
0.469,0.9912
0.47,0.9951
0.471,0.9995
0.472,1.004
0.473,1.01
0.474,1.013
0.475,1.017
0.476,1.023
0.477,1.026
0.478,1.032
0.479,1.035
0.48,1.041
0.481,1.045
0.482,1.049
0.483,1.055
0.484,1.058
0.485,1.061
0.486,1.067
0.487,1.073
0.488,1.077
0.489,1.083
0.49,1.087
0.491,1.092
0.492,1.096
0.493,1.102
0.494,1.106
0.495,1.11
0.496,1.115
0.497,1.12
0.498,1.126
0.499,1.131
0.5,1.138
0.501,1.142
0.502,1.146
0.503,1.15
0.504,1.155
0.505,1.161
0.506,1.166
0.507,1.17
0.508,1.176
0.509,1.182
0.51,1.188
0.511,1.192
0.512,1.199
0.513,1.205
0.514,1.208
0.515,1.215
0.516,1.22
0.517,1.224
0.518,1.23
0.519,1.235
0.52,1.242
0.521,1.249
0.522,1.254
0.523,1.259
0.524,1.264
0.525,1.271
0.526,1.278
0.527,1.282
0.528,1.287
0.529,1.294
0.53,1.299
0.531,1.306
0.532,1.312
0.533,1.318
0.534,1.325
0.535,1.331
0.536,1.336
0.537,1.344
0.538,1.349
0.539,1.354
0.54,1.362
0.541,1.368
0.542,1.375
0.543,1.38
0.544,1.386
0.545,1.392
0.546,1.396
0.547,1.403
0.548,1.411
0.549,1.417
0.55,1.424
0.551,1.431
0.552,1.437
0.553,1.444
0.554,1.45
0.555,1.457
0.556,1.464
0.557,1.471
0.558,1.478
0.559,1.485
0.56,1.492
0.561,1.5
0.562,1.504
0.563,1.514
0.564,1.522
0.565,1.529
0.566,1.537
0.567,1.544
0.568,1.55
0.569,1.558
0.57,1.565
0.571,1.573
0.572,1.581
0.573,1.588
0.574,1.593
0.575,1.6
0.576,1.61
0.577,1.618
0.578,1.624
0.579,1.631
0.58,1.639
0.581,1.647
0.582,1.655
0.583,1.662
0.584,1.669
0.585,1.678
0.586,1.685
0.587,1.692
0.588,1.701
0.589,1.708
0.59,1.717
0.591,1.725
0.592,1.733
0.593,1.741
0.594,1.748
0.595,1.758
0.596,1.766
0.597,1.774
0.598,1.784
0.599,1.791
0.6,1.799
0.601,1.808
0.602,1.816
0.603,1.826
0.604,1.835
0.605,1.841
0.606,1.849
0.607,1.86
0.608,1.868
0.609,1.878
0.61,1.886
0.611,1.895
0.612,1.905
0.613,1.912
0.614,1.923
0.615,1.933
0.616,1.94
0.617,1.949
0.618,1.957
0.619,1.965
0.62,1.975
0.621,1.985
0.622,1.996
0.623,2.002
0.624,2.012
0.625,2.024
0.626,2.033
0.627,2.044
0.628,2.054
0.629,2.063
0.63,2.074
0.631,2.086
0.632,2.095
0.633,2.106
0.634,2.116
0.635,2.125
0.636,2.135
0.637,2.145
0.638,2.157
0.639,2.167
0.64,2.178
0.641,2.19
0.642,2.201
0.643,2.212
0.644,2.223
0.645,2.234
0.646,2.246
0.647,2.256
0.648,2.268
0.649,2.282
0.65,2.294
0.651,2.305
0.652,2.319
0.653,2.332
0.654,2.345
0.655,2.358
0.656,2.37
0.657,2.382
0.658,2.395
0.659,2.408
0.66,2.421
0.661,2.433
0.662,2.446
0.663,2.458
0.664,2.472
0.665,2.488
0.666,2.503
0.667,2.517
0.668,2.531
0.669,2.544
0.67,2.56
0.671,2.574
0.672,2.587
0.673,2.603
0.674,2.617
0.675,2.633
0.676,2.648
0.677,2.663
0.678,2.679
0.679,2.694
0.68,2.709
0.681,2.726
0.682,2.744
0.683,2.759
0.684,2.776
0.685,2.793
0.686,2.81
0.687,2.826
0.688,2.844
0.689,2.862
0.69,2.876
0.691,2.894
0.692,2.913
0.693,2.932
0.694,2.951
0.695,2.971
0.696,2.99
0.697,3.011
0.698,3.03
0.699,3.051
0.7,3.07
0.701,3.091
0.702,3.111
0.703,3.13
0.704,3.151
0.705,3.175
0.706,3.196
0.707,3.217
0.708,3.241
0.709,3.263
0.71,3.286
0.711,3.31
0.712,3.333
0.713,3.358
0.714,3.381
0.715,3.405
0.716,3.431
0.717,3.457
0.718,3.479
0.719,3.503
0.72,3.528
0.721,3.555
0.722,3.58
0.723,3.61
0.724,3.635
0.725,3.665
0.726,3.694
0.727,3.723
0.728,3.751
0.729,3.783
0.73,3.814
0.731,3.846
0.732,3.879
0.733,3.911
0.734,3.944
0.735,3.977
0.736,4.01
0.737,4.047
0.738,4.08
0.739,4.115
0.74,4.151
0.741,4.189
0.742,4.226
0.743,4.263
0.744,4.302
0.745,4.342
0.746,4.381
0.747,4.42
0.748,4.461
0.749,4.503
0.75,4.547
0.751,4.589
0.752,4.635
0.753,4.681
0.754,4.726
0.755,4.776
0.756,4.825
0.757,4.872
0.758,4.922
0.759,4.973
0.76,5.025
0.761,5.077
0.762,5.13
0.763,5.183
0.764,5.239
0.765,5.294
0.766,5.351
0.767,5.409
0.768,5.47
0.769,5.532
0.77,5.593
0.771,5.655
0.772,5.719
0.773,5.784
0.774,5.854
0.775,5.922
0.776,5.994
0.777,6.066
0.778,6.138
0.779,6.212
0.78,6.291
0.781,6.37
0.782,6.451
0.783,6.531
0.784,6.612
0.785,6.696
0.786,6.781
0.787,6.87
0.788,6.962
0.789,7.054
0.79,7.148
0.791,7.25
0.792,7.352
0.793,7.455
0.794,7.559
0.795,7.664
0.796,7.771
0.797,7.877
0.798,7.991
0.799,8.108
0.8,8.136
0.799,7.822
0.798,7.538
0.797,7.3
0.796,7.08
0.795,6.876
0.794,6.683
0.793,6.505
0.792,6.33
0.791,6.162
0.79,6.002
0.789,5.848
0.788,5.699
0.787,5.556
0.786,5.418
0.785,5.286
0.784,5.157
0.783,5.032
0.782,4.91
0.781,4.788
0.78,4.672
0.779,4.564
0.778,4.458
0.777,4.355
0.776,4.251
0.775,4.15
0.774,4.054
0.773,3.959
0.772,3.866
0.771,3.777
0.77,3.691
0.769,3.606
0.768,3.524
0.767,3.449
0.766,3.375
0.765,3.297
0.764,3.221
0.763,3.15
0.762,3.079
0.761,3.009
0.76,2.942
0.759,2.877
0.758,2.814
0.757,2.751
0.756,2.689
0.755,2.63
0.754,2.573
0.753,2.517
0.752,2.462
0.751,2.406
0.75,2.353
0.749,2.299
0.748,2.248
0.747,2.199
0.746,2.151
0.745,2.104
0.744,2.056
0.743,2.011
0.742,1.967
0.741,1.925
0.74,1.884
0.739,1.842
0.738,1.802
0.737,1.763
0.736,1.723
0.735,1.685
0.734,1.648
0.733,1.61
0.732,1.575
0.731,1.541
0.73,1.507
0.729,1.473
0.728,1.441
0.727,1.407
0.726,1.375
0.725,1.344
0.724,1.316
0.723,1.285
0.722,1.256
0.721,1.228
0.72,1.199
0.719,1.17
0.718,1.146
0.717,1.115
0.716,1.088
0.715,1.064
0.714,1.039
0.713,1.014
0.712,0.9909
0.711,0.9651
0.71,0.9414
0.709,0.9181
0.708,0.8956
0.707,0.8739
0.706,0.8501
0.705,0.8324
0.704,0.8097
0.703,0.7885
0.702,0.7697
0.701,0.7495
0.7,0.7304
0.699,0.7124
0.698,0.6934
0.697,0.6754
0.696,0.6567
0.695,0.6383
0.694,0.6218
0.693,0.603
0.692,0.5841
0.691,0.5665
0.69,0.5499
0.689,0.5334
0.688,0.5167
0.687,0.5
0.686,0.4864
0.685,0.4698
0.684,0.4539
0.683,0.4387
0.682,0.4226
0.681,0.4097
0.68,0.3942
0.679,0.3786
0.678,0.3644
0.677,0.3515
0.676,0.3376
0.675,0.3239
0.674,0.3086
0.673,0.2965
0.672,0.2811
0.671,0.2666
0.67,0.2559
0.669,0.2412
0.668,0.2281
0.667,0.217
0.666,0.2046
0.665,0.191
0.664,0.1782
0.663,0.1664
0.662,0.155
0.661,0.1438
0.66,0.1328
0.659,0.1197
0.658,0.1084
0.657,0.0979
0.656,0.0862
0.655,0.07479
0.654,0.06526
0.653,0.05297
0.652,0.04196
0.651,0.03075
0.65,0.01886
0.649,0.01109
0.648,0.001357
0.647,-0.008573
0.646,-0.01919
0.645,-0.02912
0.644,-0.03905
0.643,-0.04976
0.642,-0.06048
0.641,-0.06884
0.64,-0.07818
0.639,-0.08801
0.638,-0.09656
0.637,-0.1083
0.636,-0.1178
0.635,-0.1266
0.634,-0.1361
0.633,-0.1438
0.632,-0.1529
0.631,-0.161
0.63,-0.1693
0.629,-0.1787
0.628,-0.1865
0.627,-0.1947
0.626,-0.2032
0.625,-0.2085
0.624,-0.2154
0.623,-0.2242
0.622,-0.2308
0.621,-0.2391
0.62,-0.2461
0.619,-0.2523
0.618,-0.2591
0.617,-0.2656
0.616,-0.2728
0.615,-0.2802
0.614,-0.2892
0.613,-0.295
0.612,-0.3015
0.611,-0.3078
0.61,-0.3143
0.609,-0.319
0.608,-0.3264
0.607,-0.3333
0.606,-0.3384
0.605,-0.3433
0.604,-0.3489
0.603,-0.3539
0.602,-0.3606
0.601,-0.3659
0.6,-0.3717
0.599,-0.3771
0.598,-0.3816
0.597,-0.3874
0.596,-0.3922
0.595,-0.3979
0.594,-0.4036
0.593,-0.4067
0.592,-0.4117
0.591,-0.4172
0.59,-0.4202
0.589,-0.4251
0.588,-0.4289
0.587,-0.4324
0.586,-0.4371
0.585,-0.4408
0.584,-0.4455
0.583,-0.4481
0.582,-0.4519
0.581,-0.4568
0.58,-0.4593
0.579,-0.4634
0.578,-0.4677
0.577,-0.4706
0.576,-0.4756
0.575,-0.4779
0.574,-0.481
0.573,-0.4839
0.572,-0.4875
0.571,-0.4903
0.57,-0.4944
0.569,-0.4972
0.568,-0.4994
0.567,-0.5037
0.566,-0.5056
0.565,-0.5087
0.564,-0.5121
0.563,-0.5169
0.562,-0.5207
0.561,-0.5235
0.56,-0.5257
0.559,-0.5291
0.558,-0.5305
0.557,-0.5345
0.556,-0.5365
0.555,-0.5384
0.554,-0.5428
0.553,-0.5451
0.552,-0.5466
0.551,-0.5487
0.55,-0.553
0.549,-0.5557
0.548,-0.5573
0.547,-0.5594
0.546,-0.5619
0.545,-0.5644
0.544,-0.5671
0.543,-0.5706
0.542,-0.5731
0.541,-0.5753
0.54,-0.5763
0.539,-0.5791
0.538,-0.5821
0.537,-0.5841
0.536,-0.587
0.535,-0.5902
0.534,-0.5916
0.533,-0.5937
0.532,-0.5949
0.531,-0.598
0.53,-0.5997
0.529,-0.5998
0.528,-0.6032
0.527,-0.6043
0.526,-0.6074
0.525,-0.6103
0.524,-0.611
0.523,-0.6122
0.522,-0.6155
0.521,-0.619
0.52,-0.6207
0.519,-0.6223
0.518,-0.6229
0.517,-0.6245
0.516,-0.6248
0.515,-0.6271
0.514,-0.6302
0.513,-0.631
0.512,-0.6349
0.511,-0.6368
0.51,-0.6362
0.509,-0.6385
0.508,-0.6416
0.507,-0.6428
0.506,-0.6455
0.505,-0.6463
0.504,-0.6466
0.503,-0.649
0.502,-0.6498
0.501,-0.6524
0.5,-0.6533
0.499,-0.6556
0.498,-0.6578
0.497,-0.659
0.496,-0.66
0.495,-0.6631
0.494,-0.6631
0.493,-0.6659
0.492,-0.6683
0.491,-0.669
0.49,-0.6718
0.489,-0.6712
0.488,-0.6729
0.487,-0.674
0.486,-0.6763
0.485,-0.6778
0.484,-0.6787
0.483,-0.6796
0.482,-0.6817
0.481,-0.6848
0.48,-0.686
0.479,-0.6876
0.478,-0.6875
0.477,-0.6895
0.476,-0.6902
0.475,-0.69
0.474,-0.6928
0.473,-0.6934
0.472,-0.6941
0.471,-0.6963
0.47,-0.6965
0.469,-0.6973
0.468,-0.698
0.467,-0.7003
0.466,-0.7023
0.465,-0.7021
0.464,-0.7029
0.463,-0.706
0.462,-0.7056
0.461,-0.7072
0.46,-0.7091
0.459,-0.7091
0.458,-0.7113
0.457,-0.7107
0.456,-0.7119
0.455,-0.7135
0.454,-0.7135
0.453,-0.7129
0.452,-0.7145
0.451,-0.7165
0.45,-0.7184
0.449,-0.7174
0.448,-0.7181
0.447,-0.7195
0.446,-0.719
0.445,-0.7196
0.444,-0.7207
0.443,-0.7216
0.442,-0.7233
0.441,-0.7242
0.44,-0.7243
0.439,-0.7251
0.438,-0.7254
0.437,-0.7264
0.436,-0.7266
0.435,-0.729
0.434,-0.7294
0.433,-0.7277
0.432,-0.7294
0.431,-0.7299
0.43,-0.7304
0.429,-0.7311
0.428,-0.7312
0.427,-0.7301
0.426,-0.732
0.425,-0.7324
0.424,-0.7331
0.423,-0.7331
0.422,-0.7334
0.421,-0.735
0.42,-0.7337
0.419,-0.7339
0.418,-0.7335
0.417,-0.7333
0.416,-0.7344
0.415,-0.7347
0.414,-0.735
0.413,-0.7368
0.412,-0.7375
0.411,-0.7366
0.41,-0.7374
0.409,-0.7377
0.408,-0.737
0.407,-0.7378
0.406,-0.7387
0.405,-0.7391
0.404,-0.7399
0.403,-0.7385
0.402,-0.7384
0.401,-0.7367
0.4,-0.7378
0.399,-0.7387
0.398,-0.7376
0.397,-0.7385
0.396,-0.7382
0.395,-0.7365
0.394,-0.7377
0.393,-0.737
0.392,-0.7384
0.391,-0.7397
0.39,-0.7398
0.389,-0.7392
0.388,-0.7377
0.387,-0.7379
0.386,-0.7377
0.385,-0.7368
0.384,-0.7383
0.383,-0.7382
0.382,-0.7378
0.381,-0.7366
0.38,-0.7353
0.379,-0.736
0.378,-0.7363
0.377,-0.737
0.376,-0.7362
0.375,-0.7368
0.374,-0.7364
0.373,-0.7349
0.372,-0.7345
0.371,-0.7355
0.37,-0.7359
0.369,-0.7347
0.368,-0.7339
0.367,-0.7336
0.366,-0.7316
0.365,-0.7338
0.364,-0.7329
0.363,-0.7324
0.362,-0.7338
0.361,-0.7337
0.36,-0.7333
0.359,-0.7326
0.358,-0.7331
0.357,-0.7327
0.356,-0.7328
0.355,-0.7319
0.354,-0.7322
0.353,-0.7314
0.352,-0.732
0.351,-0.7316
0.35,-0.7313
0.349,-0.7315
0.348,-0.7324
0.347,-0.7332
0.346,-0.7331
0.345,-0.7317
0.344,-0.7323
0.343,-0.7337
0.342,-0.7338
0.341,-0.734
0.34,-0.7343
0.339,-0.7347
0.338,-0.7347
0.337,-0.7353
0.336,-0.7349
0.335,-0.7369
0.334,-0.7372
0.333,-0.7379
0.332,-0.738
0.331,-0.7377
0.33,-0.7379
0.329,-0.7378
0.328,-0.7383
0.327,-0.74
0.326,-0.7399
0.325,-0.7399
0.324,-0.7402
0.323,-0.7402
0.322,-0.7402
0.321,-0.7403
0.32,-0.7418
0.319,-0.7434
0.318,-0.7436
0.317,-0.744
0.316,-0.7438
0.315,-0.7431
0.314,-0.7454
0.313,-0.7469
0.312,-0.7483
0.311,-0.7478
0.31,-0.7475
0.309,-0.7485
0.308,-0.749
0.307,-0.7509
0.306,-0.7515
0.305,-0.7517
0.304,-0.7518
0.303,-0.7534
0.302,-0.7522
0.301,-0.7541
0.3,-0.7551
0.299,-0.7556
0.298,-0.758
0.297,-0.7581
0.296,-0.7588
0.295,-0.7602
0.294,-0.7602
0.293,-0.76
0.292,-0.7597
0.291,-0.7606
0.29,-0.7618
0.289,-0.7622
0.288,-0.763
0.287,-0.7655
0.286,-0.7659
0.285,-0.7684
0.284,-0.7674
0.283,-0.7676
0.282,-0.7693
0.281,-0.7693
0.28,-0.7703
0.279,-0.7715
0.278,-0.7723
0.277,-0.7715
0.276,-0.7718
0.275,-0.7732
0.274,-0.776
0.273,-0.7754
0.272,-0.7775
0.271,-0.777
0.27,-0.7759
0.269,-0.7785
0.268,-0.7784
0.267,-0.78
0.266,-0.7814
0.265,-0.781
0.264,-0.7818
0.263,-0.7822
0.262,-0.7829
0.261,-0.7843
0.26,-0.7839
0.259,-0.7846
0.258,-0.7861
0.257,-0.7871
0.256,-0.7895
0.255,-0.7903
0.254,-0.79
0.253,-0.7921
0.252,-0.7915
0.251,-0.7903
0.25,-0.7926
0.249,-0.7936
0.248,-0.7945
0.247,-0.796
0.246,-0.7965
0.245,-0.7956
0.244,-0.796
0.243,-0.7973
0.242,-0.7982
0.241,-0.7986
0.24,-0.7997
0.239,-0.8009
0.238,-0.8009
0.237,-0.8038
0.236,-0.804
0.235,-0.8033
0.234,-0.805
0.233,-0.804
0.232,-0.8052
0.231,-0.8054
0.23,-0.8078
0.229,-0.8077
0.228,-0.8066
0.227,-0.8068
0.226,-0.8083
0.225,-0.8086
0.224,-0.81
0.223,-0.8102
0.222,-0.8108
0.221,-0.8119
0.22,-0.8134
0.219,-0.8128
0.218,-0.816
0.217,-0.8167
0.216,-0.8165
0.215,-0.8182
0.214,-0.8179
0.213,-0.8198
0.212,-0.8193
0.211,-0.8197
0.21,-0.8197
0.209,-0.8198
0.208,-0.8213
0.207,-0.823
0.206,-0.8234
0.205,-0.8252
0.204,-0.8248
0.203,-0.8241
0.202,-0.8244
0.201,-0.8246
0.2,-0.8272
0.199,-0.8292
0.198,-0.828
0.197,-0.8302
0.196,-0.8294
0.195,-0.8297
0.194,-0.8321
0.193,-0.8331
0.192,-0.8339
0.191,-0.8343
0.19,-0.8342
0.189,-0.8354
0.188,-0.8352
0.187,-0.8351
0.186,-0.8361
0.185,-0.8385
0.184,-0.8371
0.183,-0.8378
0.182,-0.8373
0.181,-0.8389
0.18,-0.8398
0.179,-0.8403
0.178,-0.8405
0.177,-0.8416
0.176,-0.8419
0.175,-0.8428
0.174,-0.842
0.173,-0.8431
0.172,-0.8443
0.171,-0.8438
0.17,-0.846
0.169,-0.8458
0.168,-0.8452
0.167,-0.848
0.166,-0.8475
0.165,-0.8482
0.164,-0.8506
0.163,-0.8523
0.162,-0.8531
0.161,-0.8512
0.16,-0.8534
0.159,-0.8546
0.158,-0.8541
0.157,-0.8551
0.156,-0.8565
0.155,-0.8565
0.154,-0.8584
0.153,-0.8594
0.152,-0.8586
0.151,-0.8587
0.15,-0.8581
0.149,-0.8595
0.148,-0.86
0.147,-0.8595
0.146,-0.8597
0.145,-0.8606
0.144,-0.8625
0.143,-0.8644
0.142,-0.8643
0.141,-0.865
0.14,-0.8665
0.139,-0.8674
0.138,-0.8694
0.137,-0.8691
0.136,-0.8694
0.135,-0.8695
0.134,-0.8699
0.133,-0.8702
0.132,-0.8704
0.131,-0.8706
0.13,-0.8737
0.129,-0.8739
0.128,-0.8743
0.127,-0.8748
0.126,-0.8758
0.125,-0.8769
0.124,-0.8779
0.123,-0.8776
0.122,-0.8784
0.121,-0.879
0.12,-0.8789
0.119,-0.881
0.118,-0.8818
0.117,-0.8824
0.116,-0.8825
0.115,-0.8846
0.114,-0.8856
0.113,-0.8861
0.112,-0.8853
0.111,-0.8864
0.11,-0.8868
0.109,-0.8891
0.108,-0.889
0.107,-0.8901
0.106,-0.8926
0.105,-0.8899
0.104,-0.8911
0.103,-0.8927
0.102,-0.8951
0.101,-0.8946
0.1,-0.8954
0.099,-0.8952
0.098,-0.8971
0.097,-0.8965
0.096,-0.8994
0.095,-0.9003
0.094,-0.9008
0.093,-0.9031
0.092,-0.9026
0.091,-0.903
0.09,-0.9059
0.089,-0.9061
0.088,-0.9054
0.087,-0.9059
0.086,-0.9074
0.085,-0.9079
0.084,-0.9083
0.083,-0.9103
0.082,-0.9111
0.081,-0.911
0.08,-0.9117
0.079,-0.9121
0.078,-0.9127
0.077,-0.9151
0.076,-0.916
0.075,-0.9172
0.074,-0.9183
0.073,-0.9178
0.072,-0.9166
0.071,-0.9182
0.07,-0.919
0.069,-0.9204
0.068,-0.9206
0.067,-0.9224
0.066,-0.923
0.065,-0.9241
0.064,-0.9255
0.063,-0.9276
0.062,-0.9265
0.061,-0.9277
0.06,-0.9282
0.059,-0.9308
0.058,-0.9326
0.057,-0.9313
0.056,-0.9321
0.055,-0.9344
0.054,-0.9343
0.053,-0.9365
0.052,-0.9369
0.051,-0.9387
0.05,-0.939
0.049,-0.9388
0.048,-0.9407
0.047,-0.9425
0.046,-0.9414
0.045,-0.9428
0.044,-0.9454
0.043,-0.9473
0.042,-0.9481
0.041,-0.9475
0.04,-0.9488
0.039,-0.9499
0.038,-0.9517
0.037,-0.953
0.036,-0.9541
0.035,-0.9545
0.034,-0.9551
0.033,-0.9558
0.032,-0.9568
0.031,-0.9604
0.03,-0.9594
0.029,-0.9596
0.028,-0.9607
0.027,-0.9613
0.026,-0.9641
0.025,-0.9634
0.024,-0.9654
0.023,-0.9656
0.022,-0.9665
0.021,-0.9683
0.02,-0.9687
0.019,-0.97
0.018,-0.9711
0.017,-0.971
0.016,-0.9723
0.015,-0.9736
0.014,-0.975
0.013,-0.9754
0.012,-0.977
0.011,-0.9781
0.01,-0.9798
0.009,-0.9793
0.008,-0.981
0.007,-0.9817
0.006,-0.9827
0.005,-0.985
0.004,-0.9877
0.003,-0.9889
0.002,-0.9895
0.001,-0.9895